,C,count,sigma_nor,vocab_index,word,threshold,vector,topic,exemplar,word*,pos,x2D,y2D
0,71.44627900379692,2771,2.3466721255521352,0,â,3.8111805314548355,"[-4.708628   9.265401  -3.6210716 -2.8809857  1.1879954 -1.1975176
  6.5219812  1.0312777 -2.279802   0.8774022]",-1,,â,1,15.429789543151855,-4.55408239364624
1,67.62702047206386,447,4.0631925212808175,1,documents,3.8111805314548355,"[-5.032438  11.492869  -1.9950222 -1.2954042  1.2941062 -1.7543702
  8.213752   1.2373263 -3.134894   0.6897538]",-1,,documents,2,-2.033071756362915,9.408946990966797
2,12.267547887723849,435,1.605215963403927,2,ã,3.8111805314548355,"[-4.816871   9.244016  -3.7121894 -3.0098317  1.2173102 -1.1266196
  6.451564   1.0289259 -2.2347994  0.9383301]",-1,,ã,3,14.820364952087402,-4.26190710067749
3,19.139971025567394,409,1.941456206286821,3,data,3.8111805314548355,"[-4.8853664  11.515661   -1.5808042  -0.66441774  1.7249233  -1.7538493
  8.108718    0.8509181  -2.864413    1.1627151 ]",-1,,data,4,0.6878121495246887,8.820899963378906
4,10.696364877600233,370,1.5732924163625883,4,user,3.8111805314548355,"[-5.2302647  11.545176   -2.7322962  -1.178172    1.1860884  -2.006222
  8.160648    1.505676   -2.878756    0.60528505]",6,,user,1,-2.5604305267333984,10.014208793640137
5,12.879864938197333,334,1.7114935352059044,5,visual,3.8111805314548355,"[-4.9695783  11.043809   -1.3482785  -1.1842003   2.0291235  -1.9452183
  8.124601    0.17769347 -2.4968638   2.0615323 ]",14,,visual,1,3.206782817840576,8.698441505432129
6,16.50530381765813,324,1.9099343001034845,6,model,3.8111805314548355,"[-4.514893  11.4491205 -2.1082036 -1.0645012  1.372374  -2.5475488
  8.676506   0.8239452 -2.8047662  1.1620123]",-1,,model,5,-2.6231436729431152,7.318495750427246
7,17.94027026373393,303,2.015110400867997,7,interaction,3.8111805314548355,"[-4.6014576  11.169898   -1.6222243  -0.8090749   1.4045544  -1.6185453
  8.36881     1.4062351  -2.8478484   0.78402555]",-1,,interaction,6,-1.6027003526687622,8.395270347595215
8,7.371034617162962,237,1.495092997600623,8,information,3.8111805314548355,"[-4.685508  11.306503  -1.4143769 -0.529987   1.4798713 -1.6645339
  8.134411   1.0537707 -2.7685907  1.2174329]",14,,information,2,0.6947137117385864,8.192245483398438
9,23.36710993072261,226,2.4956362584596103,9,visualization,3.8111805314548355,"[-5.0259867 11.266406  -1.3928323 -1.1057426  1.9998398 -1.9018613
  8.293508   0.3805018 -2.6458356  1.8444673]",14,,visualization,3,2.9336917400360107,8.628863334655762
10,30.597993101540762,210,3.01056185092084,10,semantic,3.8111805314548355,"[-4.8607845  11.10518    -1.233366   -0.9620573   1.9724277  -1.8225586
  7.919568    0.19032252 -2.4929595   1.9846053 ]",14,,semantic,4,3.373997926712036,8.81989860534668
11,18.56567607108361,192,2.290116024195466,11,analytics,3.8111805314548355,"[-4.9739347  11.327298   -1.1834663  -0.7896307   1.7728662  -1.7612193
  7.9844675   0.45152804 -2.581592    1.925503  ]",14,,analytics,5,3.1260032653808594,9.223459243774414
12,36.416845815453776,190,3.496983706523436,12,document,3.8111805314548355,"[-4.774521   11.112059   -1.9275743  -1.6565748   1.0492204  -1.9070743
  7.9970946   1.047591   -2.9786713   0.82557523]",-1,,document,7,-0.8884149193763733,6.984413146972656
13,4.808468967842821,187,1.3731957675103912,13,analysis,3.8111805314548355,"[-4.6058626  11.300081   -1.241803   -0.73783696  1.3843316  -1.9173987
  7.94577     0.6656696  -2.7188282   1.3578545 ]",14,,analysis,6,1.1012887954711914,7.818204879760742
14,15.689882984455943,186,2.1133471939611606,14,users,3.8111805314548355,"[-5.3038807 11.663519  -2.6496656 -1.1147469  1.0318538 -2.0047107
  8.038509   1.5996541 -2.9361396  0.5588461]",6,*,users*,2,-2.730659008026123,9.942782402038574
15,16.542324716536616,175,2.2037241013239903,15,models,3.8111805314548355,"[-4.616705   11.72288    -2.1959918  -0.7641238   1.336      -2.5106812
  8.888447    1.0885373  -2.9664283   0.91829395]",15,,models,1,-0.9544609189033508,10.033327102661133
16,27.90695736304338,161,3.07620612781515,16,learning,3.8111805314548355,"[-4.4900002  10.994164   -1.2065116  -0.87866926  1.4813579  -1.5637878
  8.287969    1.0145586  -2.5582278   1.643572  ]",13,*,learning*,1,1.3822904825210571,7.835285186767578
17,49.95463270672138,149,4.814167905919011,17,ieee,3.8111805314548355,"[-5.018197    9.336029   -3.9490857  -2.982389    1.3306191  -1.1394057
  6.425974    0.92633367 -2.0706112   1.1117848 ]",-1,,ieee,8,14.141074180603027,-3.8422956466674805
18,16.426805422661428,140,2.3207718985655563,18,interactions,3.8111805314548355,"[-4.6512327 11.350161  -1.8131953 -0.7788301  1.3246083 -1.7845354
  8.573463   1.550532  -2.9619439  0.5436804]",-1,,interactions,9,-1.6463369131088257,8.949637413024902
19,25.941365613744146,137,3.080126100841132,19,spatial,3.8111805314548355,"[-4.9340305  11.133128   -1.3553425  -1.0000734   2.0169492  -1.8712684
  7.9348555   0.16482916 -2.4784799   2.022007  ]",14,*,spatial*,7,3.3992855548858643,8.862613677978516
20,5.876483520890424,131,1.5149223686733964,20,process,3.8111805314548355,"[-4.5329003 11.773896  -1.5836768 -0.8342067  1.2868081 -2.0085905
  8.816728   1.2861562 -3.1332974  0.8487682]",15,,process,2,-0.42069900035858154,9.821599960327148
21,17.02069462695569,125,2.4373913979126325,21,computer,3.8111805314548355,"[-5.025823  11.381646  -1.7840652 -1.1437858  1.6213086 -1.8717865
  8.510296   1.0022113 -2.6035442  1.7632121]",-1,,computer,10,1.1009185314178467,8.671083450317383
22,34.26054964222205,123,3.8700730944055937,22,machine,3.8111805314548355,"[-4.984608  11.545292  -1.8344731 -1.0440656  1.4990983 -1.8942887
  8.585933   1.1393737 -2.7128189  1.6140591]",-1,,machine,11,0.6791537404060364,8.759956359863281
23,23.250254244593673,119,2.990885593298851,24,layout,3.8111805314548355,"[-4.735403   11.008771   -2.0781667  -1.3685147   1.6699089  -2.3884788
  8.277245    0.55643773 -2.7896063   0.9609815 ]",9,,layout,1,-2.9139554500579834,7.0423688888549805
24,16.702480138383738,111,2.487162421933103,26,interactive,3.8111805314548355,"[-4.7807336 10.839654  -1.4685926 -1.3302038  1.8491174 -1.8068873
  8.421711   0.6669636 -2.5945106  1.7047083]",-1,,interactive,12,1.920576810836792,8.16762638092041
25,8.361424527894245,105,1.7835248852390702,27,results,3.8111805314548355,"[-4.3562803  11.25923    -1.6359658  -0.81775874  1.5212345  -1.7902894
  8.0893545   0.91710526 -2.9741535   0.6048741 ]",-1,,results,13,-1.775267243385315,7.827865123748779
26,10.200141234390687,101,1.9624435136722738,28,text,3.8111805314548355,"[-4.747673   11.027756   -1.9926951  -1.5139502   1.6133792  -2.3585167
  8.241587    0.47387108 -2.6736798   1.372939  ]",-1,,text,14,-2.8594582080841064,7.0919976234436035
27,7.002732556167613,98,1.6819158551279803,29,feedback,3.8111805314548355,"[-4.470533   11.210233   -1.4243802  -0.553456    1.5396665  -1.6464106
  8.310017    1.1882904  -2.9236434   0.72630465]",-1,,feedback,15,-1.5444729328155518,8.309646606445312
28,6.724022215001196,98,1.6563855391458624,30,s,3.8111805314548355,"[-4.441965   9.620139  -2.8791368 -2.292453   1.2446046 -1.4755586
  6.90948    0.8682744 -2.4229796  0.9251904]",-1,,s,16,15.62804889678955,-5.115665912628174
29,11.31212472671829,96,2.0861545908163657,31,e,3.8111805314548355,"[-4.586333   9.329086  -3.2299962 -2.622838   1.2926689 -1.3038677
  6.5828476  0.8876981 -2.3254793  1.0903733]",1,*,e*,1,15.510024070739746,-4.986919403076172
30,9.366706102992481,95,1.910254457986638,32,systems,3.8111805314548355,"[-4.917905  11.874629  -2.3107824 -0.781226   1.4633411 -2.2150154
  8.845465   1.3235626 -3.0774581  0.7626909]",15,,systems,3,-0.9657555222511292,10.247771263122559
31,16.601983258370492,94,2.58976684695031,33,graphics,3.8111805314548355,"[-4.9751277  11.097213   -1.7360756  -1.3581176   1.9030195  -2.0959592
  8.331315    0.45289052 -2.6312468   1.6590077 ]",14,,graphics,8,2.7633955478668213,8.349163055419922
32,30.48598820075748,93,3.899659013427728,34,10,3.8111805314548355,"[-3.3121576   8.84327    -2.666445   -1.7649324   0.37727922 -1.7500035
  5.988293    0.60630697 -1.7423838   1.1520438 ]",0,*,10*,1,-13.442220687866211,-8.52401065826416
33,17.481497729347485,93,2.6796720221487367,35,workspace,3.8111805314548355,"[-5.113261   11.54851    -1.8655998  -1.1077651   1.6487733  -2.1526365
  8.550871    0.84204376 -3.0809066   0.9150111 ]",-1,,workspace,17,0.5578778982162476,9.621206283569336
34,8.483305432765006,92,1.8392813533358152,36,sensemaking,3.8111805314548355,"[-4.9439573  10.989772   -1.3475513  -1.1781899   2.1049821  -1.6748235
  7.882978    0.15059502 -2.466444    2.05505   ]",14,,sensemaking,9,3.3635733127593994,8.793307304382324
35,62.2866145555228,89,7.0,37,participants,3.8111805314548355,"[-5.1390705 11.498324  -2.5192719 -1.1889288  0.9097132 -1.9236922
  7.995955   1.6742305 -2.8882544  0.5420564]",6,*,participants*,3,-2.6907641887664795,9.938116073608398
36,21.949677662514638,87,3.160998083566173,38,relevant,3.8111805314548355,"[-3.7409616   9.666102   -1.463799   -1.435626    1.2906048  -1.816617
  7.3877435   0.42705664 -2.5294998   1.0325725 ]",8,,relevant,1,-4.792837619781494,2.3225529193878174
37,14.02210912081602,86,2.4013796961024956,39,figure,3.8111805314548355,"[-4.2840977  11.131571   -2.2695434  -1.2453299   1.3385558  -2.6262968
  8.3702755   0.67288375 -2.7069259   0.9935534 ]",9,*,figure*,2,-2.8978896141052246,6.798597812652588
38,17.3614954494412,85,2.734700148264797,40,search,3.8111805314548355,"[-4.292088   11.055699   -0.78323036 -0.92374027  1.8262141  -1.4939023
  8.077248    0.4803066  -2.9267519   1.0638603 ]",5,*,search*,1,1.731592059135437,7.314933776855469
39,20.740334627913608,84,3.075499147165898,41,starspire,3.8111805314548355,"[-4.9667273   9.046702   -3.9178498  -3.3393402   1.4611522  -0.9132247
  6.2747083   0.93802816 -2.0656698   1.3065853 ]",2,,starspire,1,14.468029975891113,-3.7728869915008545
40,13.224877852088644,82,2.350978382753069,42,terms,3.8111805314548355,"[-3.8852468  11.201428   -1.713315   -1.1675218   0.9778965  -2.6633723
  8.346412    0.65246433 -2.7957978   0.95514476]",3,*,terms*,1,-3.14363956451416,6.227004051208496
41,24.571246093250156,80,3.5045253282079223,43,conference,3.8111805314548355,"[-4.979542   11.130828   -2.0638688  -1.5413834   0.86256516 -1.6421435
  7.965392    1.5434005  -2.7115617   1.044175  ]",16,*,conference*,1,-0.6361523866653442,7.2325239181518555
42,3.847740992312054,76,1.4316561563010815,44,large,3.8111805314548355,"[-3.613298    9.4701395  -1.8441784  -1.5005041   1.322397   -1.9336214
  7.217613    0.31014088 -2.3300056   1.0189481 ]",8,,large,2,-4.2463579177856445,2.538637161254883
43,12.988034521830208,76,2.370774651998364,45,relevance,3.8111805314548355,"[-4.3767653 10.616919  -1.7049068 -1.1500541  1.070557  -2.067579
  7.553921   0.7372895 -2.4907196  1.1835003]",-1,,relevance,18,-1.6324717998504639,6.168298721313477
44,7.520087100768684,75,1.8133047977716463,46,example,3.8111805314548355,"[-3.6413927 10.57016   -1.5550724 -1.1586105  0.8472378 -2.3456624
  7.981929   0.6814836 -2.9400585  0.3552025]",4,*,example*,1,-3.52774977684021,5.093761444091797
45,22.19363100348953,75,3.3298704892593167,47,entities,3.8111805314548355,"[-4.8740807 11.629364  -2.522257  -1.0641265  1.270492  -2.0685163
  8.53136    1.5143127 -2.9273353  0.6967317]",-1,,entities,19,-1.987300157546997,9.9050931930542
46,20.939513962764966,73,3.225941739713892,48,foraging,3.8111805314548355,"[-4.458394   10.9814     -0.9299069  -0.96367806  1.8393015  -1.4908115
  8.192899    0.59203273 -2.6607592   1.5999023 ]",5,,foraging,2,1.8298358917236328,7.579931259155273
47,5.253152831047859,73,1.5850717170178033,49,analysts,3.8111805314548355,"[-5.3524714 11.694422  -2.5526059 -1.0701368  0.9237645 -1.9732671
  7.9546843  1.6332881 -2.8903522  0.6341861]",6,,analysts,4,-2.7390215396881104,9.907347679138184
48,5.1891678206893,73,1.5783785722841293,50,display,3.8111805314548355,"[-3.1105161e+00  9.9483738e+00 -9.4054961e-01 -1.0196489e+00
  1.1930636e+00 -2.3198612e+00  7.9577293e+00  1.7145652e-01
 -2.9705844e+00  2.6550812e-03]",11,*,display*,1,-6.282143592834473,0.42484864592552185
49,11.69859789783564,72,2.266553639862877,51,techniques,3.8111805314548355,"[-4.7267914 11.880689  -1.9987065 -0.563799   1.3505838 -2.2588592
  8.924839   1.2619247 -3.1112375  0.7948929]",15,*,techniques*,4,-0.629065990447998,10.174284934997559
50,7.281092792928401,71,1.806117816164187,53,g,3.8111805314548355,"[-4.6399474   9.641058   -3.3270552  -2.398894    1.1971015  -1.4636471
  6.7120247   0.98121035 -2.340613    0.9254618 ]",-1,,g,20,15.749932289123535,-4.991538047790527
51,9.146605107890009,70,2.0095068185552916,54,analytic,3.8111805314548355,"[-4.892322   11.223022   -1.1588924  -0.774213    1.7299674  -1.8820201
  7.9241285   0.33088186 -2.447523    2.1424794 ]",14,,analytic,10,3.191624164581299,9.142369270324707
52,8.164159359224307,70,1.9048070668588741,55,knowledge,3.8111805314548355,"[-4.6280184 11.15816   -1.4743075 -0.7252973  1.2139347 -1.7778738
  8.066043   1.0924575 -2.497527   1.6466756]",-1,,knowledge,21,0.6832351684570312,7.900962829589844
53,11.949804216144813,70,2.3082451977365372,57,clustering,3.8111805314548355,"[-5.0218697  11.519568   -1.456628   -0.80192894  2.0648386  -1.8818586
  8.23867     0.39980546 -2.6691058   1.7979676 ]",14,,clustering,11,2.792149782180786,8.906261444091797
54,10.160681413784253,69,2.124203057295307,58,human,3.8111805314548355,"[-4.7223644 11.007095  -1.716823  -1.1422026  1.2152039 -1.7020683
  8.150114   1.1877797 -2.3592508  1.9561706]",-1,,human,22,0.15775054693222046,7.558475494384766
55,9.099376440295282,69,2.010377075104372,59,algorithms,3.8111805314548355,"[-4.986247  11.884612  -1.8171734 -0.6041492  1.850171  -2.031017
  8.699418   0.8907921 -2.9315653  1.2997596]",7,*,algorithms*,1,0.7862580418586731,9.496832847595215
56,10.596755702925455,68,2.1780274105842254,61,endert,3.8111805314548355,"[-4.9504     8.913144  -3.8493152 -3.110103   1.3342112 -1.046234
  6.251051   0.7783866 -2.0671947  1.1320282]",-1,,endert,23,14.277716636657715,-3.9434332847595215
57,19.14648885086921,64,3.155502441739301,62,proceedings,3.8111805314548355,"[-4.940351   11.202659   -1.9779066  -1.4748616   0.87601835 -1.6276188
  8.053937    1.5640533  -2.8241203   0.8866376 ]",16,,proceedings,2,-0.6829237341880798,7.2534990310668945
58,7.517616683671963,61,1.882914191315153,64,parameters,3.8111805314548355,"[-4.6266866 11.644537  -2.3364692 -0.6486434  1.7038563 -2.3066928
  8.425412   0.9321873 -2.9958522  0.5652303]",15,,parameters,5,-1.4143507480621338,10.352838516235352
59,9.885939102644686,58,2.174668981618159,65,multi,3.8111805314548355,"[-3.700908   9.472843  -1.9984374 -1.5904051  1.1822976 -1.7767128
  7.0163746  0.3634753 -2.3356144  1.0996866]",8,,multi,3,-4.374659538269043,2.4381103515625
60,6.363471699731941,57,1.772186908240394,66,dimensional,3.8111805314548355,"[-4.9486885  11.0977545  -1.7609969  -1.1575054   2.0894885  -2.080111
  7.9975      0.15296991 -2.5158126   1.7942537 ]",14,,dimensional,12,3.0668115615844727,8.50126838684082
61,11.407102308915736,57,2.3602580539563647,67,study,3.8111805314548355,"[-4.6570625 11.182336  -1.4314721 -1.0563629  1.0736641 -1.7930005
  7.8523717  1.0059865 -2.6831353  1.228425 ]",-1,,study,24,0.53445965051651,7.749723434448242
62,9.751260257541228,56,2.1754839557581733,68,dataset,3.8111805314548355,"[-4.9338202  11.644959   -1.6651213  -0.67760694  1.7661041  -1.9400984
  8.2265005   0.7232625  -2.9012964   1.1734949 ]",7,,dataset,2,0.8139886856079102,9.202509880065918
63,22.499704422475475,55,3.6934761728484973,69,cation,3.8111805314548355,"[-4.6902466  9.120034  -3.6448383 -2.9916384  1.5776571 -1.0383167
  6.4163976  1.0015854 -2.2483065  1.5348071]",2,*,cation*,2,15.05645751953125,-3.4783787727355957
64,4.565418201426947,55,1.5699238469276506,70,multiple,3.8111805314548355,"[-3.5626721   9.457926   -1.8890643  -1.5191369   1.114345   -1.8557166
  7.0636086   0.38129604 -2.3493083   1.0113337 ]",8,*,multiple*,4,-4.335186958312988,2.4947855472564697
65,13.865571170693002,55,2.6711308437316723,71,term,3.8111805314548355,"[-3.9081817 11.143685  -1.6889768 -1.2471496  0.9379335 -2.680692
  8.295519   0.6013381 -2.7440937  1.0353558]",3,*,term*,2,-3.1306004524230957,6.1945977210998535
66,9.701434645985142,54,2.1866991296873133,72,science,3.8111805314548355,"[-4.900552  11.3306465 -1.7218486 -1.1015576  1.1389387 -1.7878091
  8.246868   1.2805232 -2.4866195  1.7169596]",16,,science,3,0.0036953529343008995,7.645586967468262
67,5.961776955261135,54,1.74038892884677,73,retrieval,3.8111805314548355,"[-4.4748173  11.056982   -0.89480793 -0.9209883   1.8904902  -1.4980361
  8.115134    0.502009   -2.8050714   1.335373  ]",5,*,retrieval*,3,1.7817301750183105,7.384652137756348
68,7.250672721842845,53,1.9006953569296021,74,number,3.8111805314548355,"[-4.12174   10.572934  -2.512137  -1.2611383  1.3284041 -2.2703426
  7.7288194  0.7593002 -2.504442   0.7837807]",-1,,number,25,-2.331894636154175,6.322363376617432
69,10.21088831522739,53,2.2568265446695492,75,reasoning,3.8111805314548355,"[-4.258914   11.169752   -1.1977676  -0.7521188   1.1306969  -2.0839064
  8.159549    0.78435653 -2.7446353   1.2575127 ]",14,,reasoning,13,0.6834128499031067,7.8015666007995605
70,11.135614142270454,53,2.368076450877266,76,synthesis,3.8111805314548355,"[-4.5840836  11.135309   -1.086016   -0.74110335  1.3524331  -2.0114405
  7.985204    0.54681295 -2.6679075   1.548927  ]",-1,,synthesis,26,1.1029356718063354,7.8413286209106445
71,22.825849257952427,53,3.7744798648755755,77,classiã,3.8111805314548355,"[-4.6755366  9.211057  -3.2604854 -2.8503356  1.2977766 -1.1958328
  6.5261126  0.8521347 -2.2977285  1.008781 ]",1,*,classiã*,2,15.284531593322754,-4.956305027008057
72,6.968082772770473,52,1.8730570502706214,78,analytical,3.8111805314548355,"[-4.828401   11.178253   -1.2226319  -0.78096884  1.6749525  -1.9381151
  7.92041     0.3826606  -2.4588702   2.0377173 ]",14,,analytical,14,3.1992604732513428,9.158554077148438
73,6.0774219049126685,52,1.7650285888207922,79,algorithm,3.8111805314548355,"[-5.0062175 11.870582  -1.7888502 -0.6139558  1.8478568 -1.9876146
  8.678615   0.9124975 -2.9233568  1.3158473]",7,*,algorithm*,3,0.7721689343452454,9.525797843933105
74,15.467687550802978,50,2.9345350953387466,81,north,3.8111805314548355,"[-3.825855   9.710509  -2.1895866 -1.6380175  1.1657199 -1.9302411
  7.311857   0.5708326 -2.400846   0.9951738]",8,,north,5,-4.29760217666626,2.636242151260376
75,17.802459127628246,50,3.222492790827984,82,importance,3.8111805314548355,"[-4.286278  10.536893  -1.8385031 -1.1621395  1.1461914 -2.099681
  7.5518594  0.7147038 -2.4926183  1.0476011]",-1,,importance,27,-1.8045071363449097,6.111944675445557
76,11.04759167361695,50,2.389385139227547,84,group,3.8111805314548355,"[-4.4627295  10.9506445  -2.5004501  -1.3001149   1.1191971  -2.1254325
  7.9798026   1.2097671  -2.5343528   0.93509185]",-1,,group,28,-1.7849993705749512,6.957385063171387
77,8.277125667506432,50,2.0476913245222805,85,sif,3.8111805314548355,"[-4.770669    9.167353   -3.7987654  -2.9483387   1.377616   -1.140021
  6.384289    0.95930004 -2.1910832   1.18482   ]",2,,sif,3,14.835206985473633,-3.831395149230957
78,7.519746050049653,49,1.9617043744041955,86,vast,3.8111805314548355,"[-3.6670673  9.463936  -1.8534518 -1.6079572  1.2453097 -1.8222075
  7.1947756  0.381625  -2.367463   1.101803 ]",8,*,vast*,6,-4.43759298324585,2.5097928047180176
79,7.641532472365589,48,1.9845997176629968,87,similar,3.8111805314548355,"[-3.5255048   9.545573   -1.6767097  -1.4833121   1.1664965  -1.8993586
  7.245179    0.37904033 -2.4933817   0.91344976]",8,,similar,7,-4.530179023742676,2.7662131786346436
80,7.824449096119237,48,2.007553286439293,88,ksf,3.8111805314548355,"[-5.109204    9.1815605  -3.678197   -3.32229     1.328198   -0.88604695
  6.4224358   0.9421694  -2.1427999   1.1169609 ]",-1,,ksf,29,14.411357879638672,-4.110532760620117
81,11.245321214344285,47,2.4488071881427604,90,scale,3.8111805314548355,"[-3.9995687 10.473941  -2.0884457 -1.105937   1.5886099 -2.2774575
  7.6721635  0.3934143 -2.5523372  0.7653494]",10,*,scale*,1,-2.205129384994507,6.085900783538818
82,20.19456033882829,46,3.6044301338944456,91,highlighting,3.8111805314548355,"[-3.2337663   9.84842    -0.8088604  -1.0267113   1.2417369  -2.0751169
  7.8273335   0.2019787  -2.9051085   0.25413746]",11,,highlighting,2,-6.046860218048096,0.6099361777305603
83,6.051453842908463,46,1.7975582818123097,92,tasks,3.8111805314548355,"[-4.933162   11.708389   -1.7951379  -0.9433957   1.429621   -2.0366108
  8.720921    1.1549447  -3.2261677   0.70246834]",15,,tasks,6,-0.30398276448249817,9.908649444580078
84,6.107446769513996,46,1.8047117344875352,93,shown,3.8111805314548355,"[-2.2984016   9.187151   -0.72015744 -1.0056603   1.3251389  -2.5179942
  7.6320066  -0.2715325  -2.972443   -0.3914297 ]",12,,shown,1,-7.226466655731201,-1.6985350847244263
85,13.678255019897653,46,2.7719306640116717,94,found,3.8111805314548355,"[-2.2862775   9.299786   -0.60094434 -0.91679406  1.2915804  -2.482175
  7.483522   -0.07126712 -2.9262714  -0.30525407]",12,*,found*,2,-7.113602161407471,-1.4810794591903687
86,11.23887713512623,45,2.4729122813605486,96,forcespire,3.8111805314548355,"[-4.842958   11.671317   -2.5404434  -1.0264798   1.3096236  -2.126964
  8.610479    1.4776603  -2.9395847   0.71465373]",-1,,forcespire,30,-1.7044271230697632,9.987442970275879
87,5.292279635607094,44,1.7119094647992978,97,userã,3.8111805314548355,"[-5.2614365  11.557211   -2.7654805  -1.1823161   1.1825706  -1.9934311
  8.072033    1.5372357  -2.9177268   0.53445774]",6,,userã,5,-2.6141247749328613,9.942069053649902
88,16.38069332930093,43,3.1749028665234653,99,metaphor,3.8111805314548355,"[-4.1307993 11.299402  -1.7036057 -1.1095121  1.0675161 -2.646774
  8.432139   0.6396417 -2.791838   1.13576  ]",3,*,metaphor*,3,-3.100449800491333,6.286937236785889
89,6.4161128906617275,43,1.8654893866867384,100,result,3.8111805314548355,"[-3.5053856  10.403583   -1.6494968  -1.1684699   0.99028    -2.275429
  7.720199    0.56953555 -2.8127797   0.4096574 ]",4,,result,2,-3.624648332595825,4.937937259674072
90,9.806645544402526,42,2.3229098309077654,102,reduction,3.8111805314548355,"[-3.6093042  9.922375  -1.8012468 -1.2522837  1.3453622 -2.0208776
  7.4534097  0.3936971 -2.6010177  0.693005 ]",-1,,reduction,31,-4.3505144119262695,3.0712900161743164
91,4.163697726908678,42,1.5741157311682343,103,points,3.8111805314548355,"[-4.770504   11.532587   -2.3289707  -0.91979694  1.3046466  -2.176888
  8.21922     1.1691258  -3.2257178   0.18376155]",-1,,points,32,-1.7443294525146484,9.996003150939941
92,6.695892917144556,42,1.9101267805632542,104,interest,3.8111805314548355,"[-4.377921  10.727486  -1.690847  -1.0737556  1.0091677 -2.0153809
  7.6698174  0.9013302 -2.5623822  1.0377362]",-1,,interest,33,-1.4319171905517578,6.396601676940918
93,26.853177881128342,41,4.619770799766218,105,1109,3.8111805314548355,"[-3.463591   8.912071  -2.7163775 -1.8505138  0.4857927 -1.8097022
  6.045992   0.569861  -1.8918985  1.0991386]",0,,1109,2,-13.174600601196289,-8.256417274475098
94,7.991280025830911,39,2.112352923143402,110,topic,3.8111805314548355,"[-4.631205  10.98021   -1.8592488 -1.2432449  0.8467887 -2.0048606
  7.776147   1.1367337 -2.6679056  1.0003437]",-1,,topic,34,-1.1906520128250122,6.840152263641357
95,4.586353162673745,39,1.6465450316237142,111,underlying,3.8111805314548355,"[-3.694098    9.707869   -1.8909541  -1.4842057   1.1751226  -1.8581092
  7.291556    0.46570775 -2.4792833   0.9791493 ]",8,,underlying,8,-4.341653347015381,2.6831769943237305
96,6.7590649309748665,39,1.9437808690871758,112,statistical,3.8111805314548355,"[-4.949045   11.394289   -1.3463981  -0.7268933   1.8575844  -1.9130309
  7.9938817   0.36577934 -2.5627215   1.8954312 ]",14,,statistical,15,3.0299174785614014,9.093299865722656
97,5.70814914207998,38,1.8074124308990371,113,integrating,3.8111805314548355,"[-3.6765168   9.910717   -0.98792005 -1.0898169   1.4635262  -1.7815558
  7.6472163   0.30818057 -2.7229457   0.8647091 ]",8,,integrating,9,-5.527431488037109,1.426713466644287
98,9.661175048820505,38,2.3539638350193806,114,section,3.8111805314548355,"[-4.321924   10.89061    -1.8223951  -1.3626971   0.8579875  -2.2881217
  7.9158034   0.84047544 -2.8995569   0.65766215]",-1,,section,35,-2.646737575531006,5.946988105773926
99,8.032893062715965,38,2.128835078769185,115,technology,3.8111805314548355,"[-4.9115934 11.484656  -1.7079723 -0.9618272  1.340965  -1.782544
  8.527225   1.2898422 -2.650475   1.6238649]",16,,technology,4,0.5040168166160583,8.582110404968262
100,4.994765111417253,37,1.7153316105979215,116,applications,3.8111805314548355,"[-4.9303803  11.841058   -2.043556   -0.7841857   1.3696239  -2.0605245
  8.769801    1.3603331  -2.9953048   0.98238516]",15,,applications,7,-0.4799148142337799,9.968160629272461
101,10.305934905587362,37,2.4576576567655697,119,retrieved,3.8111805314548355,"[-2.2957327   9.233769   -0.2624892  -0.91076696  1.4071972  -2.2908516
  7.5581203  -0.12072437 -3.0174286  -0.29915324]",12,,retrieved,3,-6.842284679412842,-1.816251277923584
102,4.278770815920844,36,1.6208987022324806,120,tools,3.8111805314548355,"[-4.813321  11.801382  -1.961805  -0.7348794  1.3592721 -2.2923129
  8.923551   1.1509019 -3.1298785  0.8601173]",15,,tools,8,-0.5856701135635376,10.044312477111816
103,11.725040493479266,35,2.6910264854080297,125,entity,3.8111805314548355,"[-4.457812   11.241423   -2.469878   -1.2953448   1.1694504  -2.184678
  8.360991    1.2980717  -2.6461258   0.97510284]",-1,,entity,36,-1.769406795501709,7.01613712310791
104,9.05771317996878,35,2.3097780918477433,126,nodes,3.8111805314548355,"[-5.055779   11.817493   -1.8764704  -0.76008177  2.0724213  -1.9832866
  8.538929    0.6831915  -2.8859127   1.3742937 ]",7,*,nodes*,4,0.9637490510940552,9.452506065368652
105,4.016790461307761,34,1.5948219530286316,127,additional,3.8111805314548355,"[-3.567436    9.534307   -1.7597767  -1.5315566   1.1520785  -1.8223158
  7.1693087   0.42403084 -2.448862    1.0044018 ]",8,*,additional*,10,-4.542635917663574,2.6769044399261475
106,6.58278055284114,34,1.9658618905890084,129,intelligence,3.8111805314548355,"[-4.7332387  11.187392   -1.3994262  -0.76725715  1.3936744  -1.7086602
  8.07304     0.9635153  -2.4909158   1.7906438 ]",-1,,intelligence,37,0.9483558535575867,7.898135185241699
107,9.281323721491862,34,2.3560688879207135,130,transactions,3.8111805314548355,"[-4.8474507  11.473049   -2.0109315  -0.99603367  1.2949818  -1.7755783
  8.522225    1.5502381  -2.9573307   0.6945914 ]",-1,,transactions,38,-1.7232383489608765,9.161706924438477
108,8.375109931049273,34,2.2250311612624474,131,international,3.8111805314548355,"[-4.6852326 10.8016    -1.858256  -1.3748002  1.1202952 -1.6412379
  8.017715   1.2434882 -2.3163972  1.8696477]",-1,,international,39,-0.03897763416171074,7.44512939453125
109,7.325583654326793,34,2.073270573617162,132,weights,3.8111805314548355,"[-4.2357106  10.344331   -2.065292   -1.1330544   1.6432933  -2.0332046
  7.431382    0.4113433  -2.5213838   0.93512976]",10,*,weights*,2,-2.015122890472412,5.871261119842529
110,12.921476327614853,34,2.882431791714705,133,weight,3.8111805314548355,"[-4.190049   10.350571   -2.0687084  -1.1841346   1.5512788  -2.062587
  7.4655814   0.46472198 -2.5140936   0.9297575 ]",10,*,weight*,3,-2.1180295944213867,5.995924472808838
111,5.954420409145985,33,1.8840782599556165,136,open,3.8111805314548355,"[-2.8035765e+00  9.5305433e+00 -7.8157759e-01 -1.0833384e+00
  1.2711989e+00 -2.2712419e+00  7.7282443e+00 -8.2668901e-04
 -2.9503331e+00 -1.6955182e-02]",-1,,open,40,-6.677737712860107,-0.3685568571090698
112,7.086094553724375,33,2.0496712080544652,137,12,3.8111805314548355,"[-3.3155093   8.837058   -2.6643755  -1.7197065   0.40040484 -1.7217473
  5.960588    0.6134988  -1.7524314   1.1399362 ]",0,*,12*,3,-13.341496467590332,-8.423314094543457
113,7.370307190137881,33,2.0912588051345353,138,spatialization,3.8111805314548355,"[-4.9780293  11.027348   -1.4038329  -1.1728748   2.1373234  -1.7650956
  7.910528    0.10107289 -2.4733899   2.0490296 ]",14,,spatialization,16,3.254084348678589,8.699646949768066
114,8.485380173565186,32,2.268337526922224,139,domain,3.8111805314548355,"[-4.5089893  11.1449585  -2.221043   -1.2616732   1.521152   -2.4009573
  8.37479     0.75197214 -2.5832694   1.2935297 ]",9,,domain,3,-2.7947213649749756,7.055339813232422
115,8.924138423086891,32,2.333324630026362,141,values,3.8111805314548355,"[-4.588736   11.629997   -2.279385   -0.49584454  1.5501273  -2.2602525
  8.4451      1.0987182  -3.0693412   0.38956243]",-1,,values,41,-1.3961865901947021,10.313212394714355
116,5.156709250574808,32,1.7753082090508607,142,i,3.8111805314548355,"[-4.6912303   9.577517   -3.7035825  -2.5442507   1.1773957  -1.418644
  6.644018    1.0339326  -2.3009086   0.79695815]",-1,,i,42,15.749313354492188,-4.713408470153809
117,8.184613265840683,32,2.223789145065217,143,node,3.8111805314548355,"[-5.023048  11.774592  -1.9385412 -0.8154484  2.0652494 -1.9616414
  8.543321   0.6904379 -2.8749053  1.3236349]",7,,node,5,0.8946540951728821,9.432042121887207
118,5.53907775584993,31,1.8408791063698076,146,input,3.8111805314548355,"[-4.4774847 11.282474  -1.4706241 -0.4765022  1.54048   -1.7226336
  8.313389   1.1499001 -2.9200506  0.7478899]",-1,,input,43,-1.4400185346603394,8.201933860778809
119,15.41415986637514,31,3.321885847074192,148,signiã,3.8111805314548355,"[-5.0530396   9.215537   -3.655759   -3.222291    1.4127817  -0.92052567
  6.4279084   0.92027    -2.127471    1.27726   ]",2,,signiã,4,14.534701347351074,-3.8866751194000244
120,10.493697968605879,31,2.5839439083222735,149,features,3.8111805314548355,"[-4.6651783  11.393114   -2.1075883  -1.0235822   1.2493496  -2.2865705
  8.673658    1.2084267  -3.1753569   0.37174502]",-1,,features,44,-1.5040949583053589,9.913063049316406
121,5.655915041992956,30,1.8678756323242616,151,paper,3.8111805314548355,"[-4.9703226  11.172671   -1.9101493  -1.4993268   0.98004496 -1.7719003
  7.9165006   1.2436477  -2.7978861   1.107519  ]",16,*,paper*,5,-0.7734073996543884,7.07114839553833
122,5.99535491606566,30,1.919438066010053,154,pipeline,3.8111805314548355,"[-4.743439   11.825053   -1.5952079  -0.77648115  1.3997842  -1.9134626
  8.755574    1.2652397  -2.9632113   1.1992325 ]",-1,,pipeline,45,-0.09934347122907639,9.5055570602417
123,8.6082261024419,29,2.332084150005694,158,deã,3.8111805314548355,"[-4.654922    9.28093    -3.0120404  -2.7545016   1.2168554  -1.1840383
  6.623501    0.8572505  -2.3750336   0.99194604]",1,*,deã*,3,15.25866413116455,-5.040376663208008
124,5.529855928730586,29,1.8582866875782038,159,added,3.8111805314548355,"[-2.2444685   9.150472   -0.5166449  -0.85664666  1.2613688  -2.44209
  7.524988   -0.13398963 -3.0144083  -0.44765553]",12,,added,4,-7.147442817687988,-1.6647427082061768
125,4.442510250594491,28,1.6985676275034434,160,eã,3.8111805314548355,"[-4.886583    9.09305    -3.0176468  -3.1411586   1.364416   -0.81693983
  6.5506454   0.9168077  -2.4695742   1.1110823 ]",-1,,eã,46,14.72943115234375,-4.688592910766602
126,15.65805202901144,28,3.448206741080252,162,authors,3.8111805314548355,"[-5.2894964  11.640489   -2.4578192  -1.110814    0.88172954 -2.0068762
  7.9657173   1.5949899  -2.8949103   0.6986131 ]",6,*,authors*,6,-2.7034912109375,10.007100105285645
127,4.840949441800961,28,1.7607246598688602,163,displayed,3.8111805314548355,"[-2.4115164   9.331163   -0.27833718 -0.96726453  1.4064045  -2.302201
  7.664155   -0.15587077 -3.0147836  -0.2793648 ]",12,,displayed,5,-6.910736083984375,-1.800858497619629
128,7.075319924992414,28,2.1092893631038274,164,keyword,3.8111805314548355,"[-4.3900847  11.205385   -0.92838794 -0.948327    1.8705715  -1.586277
  8.136618    0.4611187  -2.9510853   1.0635742 ]",5,*,keyword*,4,1.757690191268921,7.26556396484375
129,4.618644518985275,28,1.7260448025972754,165,working,3.8111805314548355,"[-3.2544818   9.700858   -0.832927   -1.0404645   1.4266465  -1.9417708
  7.5912066   0.20489635 -2.8051672   0.5506561 ]",-1,,working,47,-5.711068630218506,1.1936655044555664
130,4.024650093173036,27,1.640380242342062,167,allow,3.8111805314548355,"[-2.891004    9.854261   -1.0438318  -1.0267141   1.220314   -2.4498124
  7.777757    0.10691906 -2.9465404   0.02398559]",11,,allow,3,-6.524451732635498,0.01823544129729271
131,10.414270464826624,27,2.651082238280917,168,14,3.8111805314548355,"[-3.310929    8.8420105  -2.6193054  -1.6993563   0.38349968 -1.7762997
  6.0347157   0.547454   -1.7944711   1.1785398 ]",0,*,14*,4,-13.341958045959473,-8.423783302307129
132,5.921628350503504,27,1.940441842158255,169,ed,3.8111805314548355,"[-4.532463    9.190106   -3.3926632  -2.7041125   1.3799522  -1.277611
  6.475984    0.84749746 -2.2783568   1.1927298 ]",1,*,ed*,4,15.374324798583984,-4.887728691101074
133,8.337986443084116,27,2.322658281480487,170,threshold,3.8111805314548355,"[-4.400578   11.329594   -2.400248   -0.85484993  1.6189107  -2.4074545
  8.294875    0.8210257  -2.8402941   0.61904174]",-1,,threshold,48,-2.6123504638671875,7.040889263153076
134,6.308330329214203,27,2.001609867640693,171,scores,3.8111805314548355,"[-4.232594   10.936996   -2.1137033  -0.87800246  1.5550674  -1.941151
  7.8122916   0.86056405 -2.875567    0.35957757]",-1,,scores,49,-2.2595133781433105,6.630129337310791
135,5.407192040828513,26,1.86945733028806,175,c,3.8111805314548355,"[-4.4803534   9.426841   -3.1894102  -2.4536119   1.1389419  -1.435486
  6.6184382   0.89060616 -2.2983966   0.97127265]",-1,,c,50,15.457907676696777,-4.979734420776367
136,4.245204377954286,26,1.6830160168259456,176,tion,3.8111805314548355,"[-4.6528935  9.117745  -3.60554   -2.9481785  1.53904   -1.0690154
  6.4292517  0.9412531 -2.2258348  1.4941802]",2,*,tion*,5,15.134211540222168,-3.5305776596069336
137,7.762438713955536,26,2.2473574554743343,177,dimension,3.8111805314548355,"[-4.7805815 11.037954  -1.9366558 -1.164971   1.9616218 -2.1999984
  7.98846    0.2423205 -2.5508552  1.5083758]",14,,dimension,17,2.891561269760132,8.353621482849121
138,12.263478193441165,26,2.969550762092052,178,plot,3.8111805314548355,"[-4.9103365  11.477024   -1.6353226  -0.92670804  0.9083493  -2.3124816
  8.237174    1.1542469  -2.7648048   1.0005989 ]",-1,,plot,51,-0.5079671144485474,8.342634201049805
139,6.040946281954592,26,1.971143412595907,179,searches,3.8111805314548355,"[-4.3485265  11.138458   -0.86749846 -0.85511446  1.8102286  -1.5149939
  8.133766    0.56289494 -2.9838073   0.9773286 ]",5,*,searches*,5,1.7267353534698486,7.261765956878662
140,7.180051142516552,26,2.1539131726886507,181,condition,3.8111805314548355,"[-4.0716753  11.105219   -1.9888297  -1.1883647   1.1176606  -2.244112
  8.332504    1.058067   -2.6944947   0.91643107]",-1,,condition,52,-2.191032886505127,6.989882469177246
141,5.982698355580217,25,1.9739523471505818,182,people,3.8111805314548355,"[-5.150011  11.604496  -2.5704803 -1.1216195  1.0461006 -2.029372
  8.000698   1.5337527 -3.037054   0.4218863]",6,*,people*,7,-2.6148006916046143,9.937779426574707
142,4.899402060003737,25,1.7975667315153308,188,performance,3.8111805314548355,"[-4.2498603 11.044765  -1.7790926 -0.875589   1.4466726 -1.7776349
  8.035272   1.0196548 -2.8201034  0.6945236]",-1,,performance,53,-1.8452799320220947,7.701412677764893
143,5.917519408889738,25,1.9633397117290423,189,examples,3.8111805314548355,"[-4.658339  11.632018  -2.068099  -0.9337347  1.0609204 -2.3883355
  8.605816   1.1490191 -3.1849592  0.5584938]",-1,,examples,54,-1.1264771223068237,9.965743064880371
144,4.028762109414891,25,1.6558064722876957,190,view,3.8111805314548355,"[-3.9223027  10.737245   -1.665678   -1.0488927   0.99136055 -2.32108
  8.135183    0.7920291  -2.888119    0.53669965]",4,,view,3,-3.32828426361084,5.351301193237305
145,4.438934304414479,25,1.7225919634103846,192,update,3.8111805314548355,"[-3.4450977  10.102346   -0.8878591  -0.896337    1.4201944  -2.0392733
  7.983207    0.29702464 -3.032871    0.22526112]",-1,,update,55,-5.983712196350098,0.8519704937934875
146,3.9457256264475196,24,1.649873677094476,193,state,3.8111805314548355,"[-4.3884826 11.10718   -2.2234173 -1.3286785  1.063935  -2.0330653
  8.314842   1.3414752 -2.5051994  1.2720736]",-1,,state,56,-1.53861665725708,7.065978527069092
147,9.322986815694877,24,2.538759200962699,195,speciã,3.8111805314548355,"[-4.7407274  9.084953  -3.6818483 -3.0605304  1.4278933 -1.0498108
  6.355812   0.9335181 -2.1890864  1.3217162]",2,*,speciã*,6,14.907122611999512,-3.6656548976898193
148,5.03772309719158,24,1.8303857834779433,199,symposium,3.8111805314548355,"[-5.0090575  11.090919   -2.1633077  -1.608097    0.82517165 -1.6827134
  7.8424354   1.4955364  -2.7566311   0.9242817 ]",16,*,symposium*,6,-0.7461547255516052,7.140356540679932
149,4.3359925804230155,24,1.714386564533652,203,collection,3.8111805314548355,"[-4.9499135 11.487982  -1.6150863 -0.80211    1.6302996 -1.7595632
  7.995881   0.8209148 -2.9377892  1.0241859]",-1,,collection,57,0.6041785478591919,8.670421600341797
150,4.532601946049234,24,1.7468869793008435,206,read,3.8111805314548355,"[-2.8553474   9.873343   -0.802111   -0.99427867  1.1615736  -2.3378115
  7.9755206   0.02039011 -2.8616734  -0.10328481]",11,,read,4,-6.419494152069092,0.19792062044143677
151,3.8679519122618298,23,1.6446813396729505,208,factors,3.8111805314548355,"[-4.6707907  11.692815   -2.300117   -0.6379141   1.3716323  -2.3032703
  8.515467    1.1978184  -3.0966513   0.40703246]",15,,factors,9,-1.3533271551132202,10.240406036376953
152,6.239901066246953,23,2.042939012430635,211,performed,3.8111805314548355,"[-2.2964666   9.268418   -0.50339377 -1.0339422   1.2687465  -2.3591306
  7.6114807  -0.18599199 -2.8780847  -0.30185178]",12,*,performed*,6,-7.1490044593811035,-1.5626389980316162
153,3.9982808022973706,23,1.6665639674482726,212,dimensionality,3.8111805314548355,"[-4.9878654  11.164305   -1.8043423  -1.1350636   2.1423008  -2.0680377
  8.0254345   0.15881173 -2.5531192   1.750901  ]",14,,dimensionality,18,2.9312832355499268,8.448951721191406
154,10.558298203078822,22,2.7941891050518866,220,training,3.8111805314548355,"[-4.5136347 11.101142  -1.2990915 -0.8352043  1.4068959 -1.6264927
  8.305123   1.0806388 -2.601301   1.5506377]",13,*,training*,2,0.9636449217796326,7.89029598236084
155,3.957808272287507,22,1.6679591038922446,223,tions,3.8111805314548355,"[-4.748742    9.125241   -3.6372464  -3.0279558   1.5626411  -0.9860618
  6.44839     0.91805863 -2.17232     1.5655749 ]",2,,tions,7,15.05908203125,-3.4763288497924805
156,6.178853589448611,22,2.0469321644302036,224,approaches,3.8111805314548355,"[-4.61335    11.820747   -2.1037924  -0.53036493  1.309612   -2.3533921
  8.860498    1.2492821  -3.1096823   0.63977975]",15,*,approaches*,10,-0.9332825541496277,10.121357917785645
157,5.496532021719574,22,1.9305088340301537,226,table,3.8111805314548355,"[-4.5237246 11.211576  -1.9264894 -1.0023023  1.5592669 -2.2420566
  8.159142   0.6724444 -2.9519718  0.6476702]",-1,,table,58,-2.4866676330566406,7.083107948303223
158,4.786815817588788,22,1.809411204947731,227,investigation,3.8111805314548355,"[-4.528457  11.194361  -1.212901  -0.9498806  1.2702932 -1.7462937
  7.872581   0.8090568 -2.7748864  1.1314847]",-1,,investigation,59,0.8213353157043457,7.839627742767334
159,13.08511449708605,22,3.225335330191085,229,nal,3.8111805314548355,"[-4.678449    9.059493   -3.678399   -2.944492    1.4573718  -1.0839072
  6.3877635   0.87210137 -2.1498175   1.4200734 ]",2,*,nal*,8,14.949959754943848,-3.516531467437744
160,9.752502421976299,22,2.65669758654324,230,http,3.8111805314548355,"[-4.662       9.392623   -3.526905   -2.6678145   1.2352238  -1.3353982
  6.59238     0.93537325 -2.2883112   0.8599206 ]",-1,,http,60,15.646060943603516,-4.765889644622803
161,5.304139213469372,21,1.9100308276029085,233,framework,3.8111805314548355,"[-4.4998646  11.600244   -2.0774224  -0.89794     1.2844952  -2.530505
  8.724841    0.95533794 -2.918306    0.96824497]",-1,,framework,61,-0.8161738514900208,9.649992942810059
162,4.35099710418757,21,1.7446699725426722,235,encodings,3.8111805314548355,"[-5.0433125  11.859868   -2.0756204  -0.73156965  1.8742745  -2.0069463
  8.611708    0.94552624 -3.0101154   1.0434076 ]",7,,encodings,6,0.7623289227485657,9.552080154418945
163,6.461404426322078,21,2.1108050492695867,236,feature,3.8111805314548355,"[-3.4168665  10.149087   -1.2551967  -1.1136798   1.146342   -2.2969923
  7.9956527   0.41118538 -2.984511    0.09426946]",-1,,feature,62,-6.132791042327881,0.6809816360473633
164,4.155188950924172,21,1.7106991686760809,237,following,3.8111805314548355,"[-3.3902307   9.765909   -1.6551068  -1.3623717   0.8690847  -2.0284238
  7.2110157   0.45265177 -2.547744    0.70548606]",-1,,following,63,-4.405540943145752,2.851148843765259
165,7.919475177836135,21,2.363766096589552,238,13,3.8111805314548355,"[-3.3285873   8.85759    -2.6921883  -1.7386953   0.430533   -1.7287369
  5.939428    0.64036745 -1.7872803   1.1010715 ]",0,*,13*,5,-13.312138557434082,-8.393951416015625
166,4.478695366346549,21,1.7668243749289292,241,case,3.8111805314548355,"[-3.6799169  10.629389   -1.5304892  -1.1658863   0.8453021  -2.2786872
  7.9358377   0.7406967  -2.917286    0.40368652]",4,*,case*,4,-3.511230707168579,5.113958358764648
167,5.963899291143338,21,2.024492763043974,243,york,3.8111805314548355,"[-4.7332435  9.480391  -3.8329012 -2.6577716  1.1783473 -1.3500266
  6.5712953  1.0047237 -2.2298107  0.8238022]",-1,,york,64,15.628522872924805,-4.61566686630249
168,5.097641349575846,21,1.87420546325375,246,participant,3.8111805314548355,"[-5.0072346  11.314662   -2.4610415  -1.2708869   0.925493   -1.8765568
  8.014214    1.6374747  -2.7876415   0.64390564]",6,,participant,8,-2.63887357711792,9.843247413635254
169,7.42600324343625,20,2.297408545142772,252,reã,3.8111805314548355,"[-4.618489    9.275779   -3.003747   -2.7371035   1.2888956  -1.2205278
  6.6514688   0.80797315 -2.4046283   1.0247301 ]",1,,reã,5,15.325735092163086,-4.948922634124756
170,7.943058305502074,20,2.388669107471845,253,11,3.8111805314548355,"[-3.2791839   8.831286   -2.6335702  -1.6770111   0.44981137 -1.7204666
  5.965248    0.5410909  -1.7610917   1.2078074 ]",0,*,11*,6,-13.474621772766113,-8.556427955627441
171,5.154769267312299,20,1.8965342378420544,254,identiã,3.8111805314548355,"[-4.904514    9.093824   -3.7037628  -3.2514415   1.4457997  -0.8596452
  6.3752766   0.99921924 -2.2372973   1.2885237 ]",2,,identiã,9,14.639303207397461,-3.7534945011138916
172,9.21037383450256,20,2.6123511411857443,256,recall,3.8111805314548355,"[-3.1037884  10.047544   -1.0031152  -1.0373031   1.163595   -2.3400984
  8.011952    0.13256374 -2.8614008   0.05008522]",11,*,recall*,5,-6.306249618530273,0.39980849623680115
173,4.586018806002839,19,1.807284535220835,264,literature,3.8111805314548355,"[-4.851279  11.256769  -1.7998857 -1.1588594  0.8740342 -1.9589207
  8.033168   1.2987785 -2.5888083  1.3424197]",16,,literature,7,-0.37002652883529663,7.568092346191406
174,4.598378086928765,19,1.809505156710766,268,updates,3.8111805314548355,"[-3.7568963  10.324577   -0.9621805  -0.85060626  1.5082369  -1.8885498
  8.024651    0.46710998 -3.0407276   0.4097959 ]",-1,,updates,65,-5.881929874420166,1.021627426147461
175,6.455415620655121,19,2.1431635207949054,271,updating,3.8111805314548355,"[-3.5784614  10.089745   -0.860044   -0.92262787  1.4641284  -1.8993812
  7.887416    0.3325104  -2.951593    0.4825901 ]",-1,,updating,66,-5.894222259521484,0.9902431964874268
176,6.012465937009623,18,2.079934360194926,272,com,3.8111805314548355,"[-4.6189494  9.31963   -3.234961  -2.6465137  1.3064154 -1.2832934
  6.5893345  0.8951615 -2.3270557  1.0840672]",1,*,com*,6,15.415154457092285,-4.969024658203125
177,6.296700471543092,18,2.131954902360537,280,inter,3.8111805314548355,"[-4.5940156  9.107475  -3.5738127 -2.8280401  1.5067981 -1.0911416
  6.4805145  0.8162888 -2.0873287  1.6226983]",2,,inter,10,15.139124870300293,-3.5714235305786133
178,6.314320758802918,18,2.135179763469953,281,integrated,3.8111805314548355,"[-3.7278001   9.780159   -1.23774    -1.2536207   1.4590629  -1.7708373
  7.537291    0.33440107 -2.6080663   0.9850749 ]",8,,integrated,11,-5.455721378326416,1.5079014301300049
179,14.546206362309219,18,3.641777661021558,283,precision,3.8111805314548355,"[-4.8037343  11.128457   -1.5426285  -0.79655224  1.6903538  -2.003527
  7.8644776   0.4512444  -2.37917     1.9535338 ]",14,,precision,19,3.1946563720703125,9.15744400024414
180,5.308868170157571,18,1.9511620512345356,284,textual,3.8111805314548355,"[-4.889547   11.1651325  -1.2131927  -0.934502    1.9291828  -1.8687185
  7.9513154   0.19361344 -2.4958231   2.0423176 ]",14,*,textual*,20,3.283785104751587,8.953981399536133
181,4.370773280677399,17,1.7907526682501644,287,computation,3.8111805314548355,"[-5.048435  11.742448  -1.7427047 -0.747894   1.9139937 -1.9654386
  8.590959   0.7851401 -2.8073354  1.5492549]",7,*,computation*,7,0.8434557318687439,9.465699195861816
182,4.110210542931312,17,1.7421423641016078,290,strategies,3.8111805314548355,"[-4.629819   11.813672   -2.0782351  -0.46953124  1.3305532  -2.3669894
  8.818278    1.1854653  -3.0346193   0.7359138 ]",15,*,strategies*,11,-0.7527472376823425,10.277511596679688
183,6.15697677038155,17,2.1239848704322877,297,increases,3.8111805314548355,"[-3.479633    9.75904    -1.7848518  -1.3469328   1.2785381  -2.038507
  7.354872    0.35120058 -2.579187    0.66655314]",8,,increases,12,-4.28241491317749,3.0162553787231445
184,5.930062875002576,17,2.0816520581302673,300,events,3.8111805314548355,"[-4.6690626 11.294792  -1.929676  -1.077945   1.0771466 -1.899646
  8.385212   1.4942427 -2.932762   0.5774048]",-1,,events,67,-1.7385259866714478,9.005003929138184
185,8.7944735626236,16,2.644321806007967,305,frameworks,3.8111805314548355,"[-4.7051783 11.81613   -2.2159653 -0.7065037  1.3464559 -2.4278715
  8.867868   1.1767845 -3.0549338  0.7903939]",15,*,frameworks*,12,-0.8719863891601562,10.16425609588623
186,5.09713556784434,16,1.9406895551853758,309,hypotheses,3.8111805314548355,"[-4.5526543  11.631425   -1.7325002  -0.6076576   1.2634997  -2.2581673
  8.479745    0.9833632  -2.8940158   0.99762386]",-1,,hypotheses,68,-0.629133403301239,9.388518333435059
187,5.396869495551389,16,1.997731258837627,316,described,3.8111805314548355,"[-2.3901546   9.454287   -0.5697251  -0.9069853   1.2145026  -2.3713706
  7.690886   -0.10585634 -2.8975892  -0.24877661]",12,,described,7,-7.036384105682373,-1.461080551147461
188,3.9789725614982454,16,1.7278944160737209,317,active,3.8111805314548355,"[-3.5034382  9.637227  -1.1171024 -1.228809   1.3939548 -1.8518636
  7.514973   0.2912222 -2.689863   0.7530959]",8,,active,13,-5.505231857299805,1.4472683668136597
189,5.219263954825132,16,1.963931539537893,322,regression,3.8111805314548355,"[-4.8003507 11.482697  -1.3719954 -0.7038925  1.6992588 -1.9953139
  8.106762   0.4988151 -2.7085671  1.5623496]",14,,regression,21,2.616705894470215,9.042169570922852
190,11.99755547300161,16,3.253893269950626,323,cant,3.8111805314548355,"[-2.766031    9.783102   -1.3619287  -1.1254253   1.2069033  -2.6204867
  7.441833    0.20494267 -2.8410053   0.18458828]",-1,,cant,69,-6.641369819641113,-0.1498880833387375
191,5.085943099704894,16,1.9385595412238883,325,highlight,3.8111805314548355,"[-3.1148753   9.959924   -0.9322327  -1.0827262   1.1274579  -2.2389333
  7.948033    0.1793304  -2.8935711   0.08195096]",11,*,highlight*,6,-6.179988384246826,0.487194299697876
192,5.897915287503955,16,2.093084180008097,329,bradel,3.8111805314548355,"[-4.9644494   8.950761   -3.8823678  -3.2184358   1.4099213  -0.9727559
  6.226804    0.81888324 -2.058048    1.2160488 ]",2,,bradel,11,14.393468856811523,-3.731494903564453
193,5.849819368136869,15,2.1019396850934475,338,frame,3.8111805314548355,"[-4.3367257  11.075186   -2.28665    -1.2738953   1.416286   -2.622634
  8.395353    0.63887024 -2.7212      0.98402476]",9,*,frame*,4,-2.8395864963531494,6.941152095794678
194,4.441543515273915,15,1.8283307078232778,339,discussed,3.8111805314548355,"[-2.4318180e+00  9.4626026e+00 -6.3747984e-01 -1.0397941e+00
  1.0608318e+00 -2.3207626e+00  7.5930171e+00 -5.2145105e-03
 -2.7976236e+00 -2.6133746e-01]",12,,discussed,8,-6.948861122131348,-1.2047979831695557
195,4.55008311963884,15,1.8494184869563377,340,called,3.8111805314548355,"[-2.4073746   9.411323   -0.6457565  -0.97567475  1.226888   -2.3766522
  7.6422772  -0.12512308 -2.891324   -0.23073407]",12,*,called*,9,-6.875271797180176,-1.3299497365951538
196,4.062134906064634,15,1.7546167395533474,352,items,3.8111805314548355,"[-4.9714403  11.548411   -2.1861343  -1.0673542   1.3479875  -2.011166
  8.30868     1.215706   -3.1951683   0.41462466]",-1,,items,70,-1.9715529680252075,9.726643562316895
197,5.306450341217619,14,2.0128532749220303,358,1ã,3.8111805314548355,"[-4.87748     9.076822   -3.0556664  -3.1475859   1.3822358  -0.79255724
  6.5352397   0.9430597  -2.4892097   1.121973  ]",-1,,1ã,71,14.701835632324219,-4.582098007202148
198,4.750630324824315,14,1.902513327804356,360,describe,3.8111805314548355,"[-2.9199843   9.953758   -0.89717567 -0.9878641   1.1660683  -2.3806992
  7.960346    0.05257155 -2.8589559  -0.03551309]",11,,describe,7,-6.3621368408203125,0.24253462255001068
199,4.57182109062165,14,1.867016582699529,362,proposed,3.8111805314548355,"[-2.4496334   9.463172   -0.7416635  -0.9992022   1.1172771  -2.4131534
  7.491945    0.05433106 -2.8717422  -0.20394166]",12,,proposed,10,-6.90472412109375,-1.0541683435440063
200,10.164360510141329,14,2.9772329937736086,364,sacha,3.8111805314548355,"[-4.900089   9.108663  -4.047897  -3.1024506  1.279474  -1.0915068
  6.299176   0.9849345 -2.1030774  1.0429707]",-1,,sacha,72,14.195169448852539,-3.799128532409668
201,8.478211129785509,14,2.6425029949005383,373,note,3.8111805314548355,"[-3.7590177  10.57686    -1.6030263  -1.2470021   0.89527357 -2.3540332
  7.9028196   0.6333888  -2.897943    0.4304788 ]",4,*,note*,5,-3.5249814987182617,5.108449935913086
202,5.792033435708533,14,2.1092499705916783,375,queries,3.8111805314548355,"[-4.474798   11.298266   -1.0904919  -0.79856664  1.8030128  -1.6169946
  8.255006    0.6746593  -3.0375886   0.8907977 ]",5,,queries,6,1.6210520267486572,7.238783836364746
203,4.390518377128748,14,1.8310248385574075,377,mining,3.8111805314548355,"[-4.918836  11.59328   -1.6086718 -0.8709602  1.4413611 -1.753905
  8.543018   1.224998  -2.746412   1.5194508]",-1,,mining,73,0.442119836807251,8.915982246398926
204,4.257903208211586,14,1.8046984194041849,380,overall,3.8111805314548355,"[-3.9799914 10.241378  -2.1521125 -1.3080544  1.3619586 -1.9485463
  7.5264983  0.6729274 -2.6055603  0.7056074]",10,*,overall*,4,-2.1147332191467285,5.966704845428467
205,5.212954751328863,14,1.9942927730692845,386,sigchi,3.8111805314548355,"[-5.2507567   9.474228   -3.625873   -3.1566405   1.3352277  -0.96598554
  6.6000834   0.972066   -2.1083267   1.1615374 ]",-1,,sigchi,74,14.482139587402344,-4.045531749725342
206,5.094291612093109,14,1.9707360746382847,387,contained,3.8111805314548355,"[-2.2752833   9.244069   -0.4796885  -0.92858005  1.2779284  -2.3847282
  7.577666   -0.14934425 -2.9441962  -0.3517576 ]",12,*,contained*,11,-7.1113996505737305,-1.6516999006271362
207,7.099676744656613,14,2.368839926517292,388,score,3.8111805314548355,"[-4.1419473  10.807754   -2.112578   -0.9381574   1.5366349  -2.0136552
  7.7618737   0.7672838  -2.8377273   0.36542797]",-1,,score,75,-2.331511974334717,6.453234672546387
208,4.888639982936165,13,1.945127413094386,389,university,3.8111805314548355,"[-4.745348  11.091203  -1.969188  -1.3343903  1.042219  -1.7777896
  8.112277   1.3465505 -2.4196656  1.5509346]",16,,university,8,-0.25003331899642944,7.368176460266113
209,3.9376289252541636,13,1.7520480755174466,396,beneã,3.8111805314548355,"[-4.882815   9.165669  -3.347147  -3.0932608  1.33388   -1.0029511
  6.4658527  0.8734468 -2.246398   1.146541 ]",-1,,beneã,76,14.779021263122559,-4.374777317047119
210,7.56676896750199,13,2.4888554445495945,400,modify,3.8111805314548355,"[-3.0621502   9.904535   -0.8796995  -0.9779955   1.29961    -2.2310908
  7.926307    0.09556879 -2.9605925   0.04714979]",11,,modify,8,-6.140787124633789,0.4354689419269562
211,4.529682619499091,13,1.8722499745084198,403,oã,3.8111805314548355,"[-4.909131    9.115116   -3.0192935  -3.1458073   1.3408239  -0.8350066
  6.55593     0.91048115 -2.4519525   1.0777026 ]",-1,,oã,77,14.793309211730957,-4.614622116088867
212,4.256382331553225,13,1.816763092279318,408,blue,3.8111805314548355,"[-3.2510028   8.860299   -2.4779108  -1.7245768   0.4818379  -1.7647951
  6.065951    0.44028193 -1.7505728   1.3209764 ]",0,,blue,7,-13.316168785095215,-8.397994995117188
213,6.395740266922093,13,2.251106951548208,414,media,3.8111805314548355,"[-4.889211  11.123377  -1.8840718 -1.393206   1.0729002 -1.7103399
  8.244686   1.4219776 -2.538575   1.5492669]",16,,media,9,-0.2005559653043747,7.471643924713135
214,5.555032293258204,13,2.080421934439866,415,location,3.8111805314548355,"[-4.428672   10.883964   -2.2482567  -1.3086332   1.4962034  -2.4260437
  8.168811    0.67680174 -2.6979191   0.8214036 ]",9,*,location*,5,-2.6415560245513916,6.783457279205322
215,4.099889746653364,13,1.7849911329691757,419,theory,3.8111805314548355,"[-4.4370503  11.302854   -1.5961708  -0.8972562   1.0682205  -2.2786353
  8.251949    0.87362856 -2.710361    1.2699157 ]",-1,,theory,78,-0.00945189781486988,8.102055549621582
216,4.307274887196279,13,1.8270955703843663,422,springer,3.8111805314548355,"[-4.8987813  9.361308  -4.0082245 -2.8731167  1.2958062 -1.2142884
  6.4345784  0.9698944 -2.1085565  1.0969388]",-1,,springer,79,14.12706184387207,-3.9119069576263428
217,5.305655090297045,12,2.0474531473770337,429,automated,3.8111805314548355,"[-4.6628203  10.923381   -1.2756777  -1.1393944   1.7846589  -1.6410489
  8.3722315   0.73204076 -2.6125443   1.7414112 ]",13,*,automated*,3,1.7225240468978882,8.03138542175293
218,4.714311154906772,12,1.9245497409406593,433,stages,3.8111805314548355,"[-4.645492   11.900116   -1.7738066  -0.81256884  1.2869486  -2.1413338
  8.868382    1.3334914  -3.2102382   0.66900754]",15,,stages,13,-0.46727171540260315,9.86178970336914
219,4.171117473837809,12,1.8116537598327636,435,searching,3.8111805314548355,"[-4.244996   10.980104   -0.79114    -0.9062157   1.7954968  -1.5350382
  8.070706    0.47376654 -2.919135    1.0537808 ]",5,*,searching*,7,1.689131498336792,7.326359272003174
220,8.05639222362858,12,2.619159296141967,436,thinking,3.8111805314548355,"[-4.1494937 11.055166  -1.1468447 -0.8038337  1.1758051 -2.0474408
  8.185555   0.7581131 -2.7363646  1.2495492]",-1,,thinking,80,0.7533776760101318,7.8286824226379395
221,5.192988163886505,12,2.0240367424393,438,structures,3.8111805314548355,"[-4.733918   11.794319   -2.3049605  -0.69563574  1.4278555  -2.341572
  8.8064575   1.2345743  -3.0818603   0.6504923 ]",15,*,structures*,14,-1.012892484664917,10.269322395324707
222,5.358324138988258,12,2.0583997473343687,444,range,3.8111805314548355,"[-4.1956987  10.784247   -2.4259589  -1.1044064   1.5664778  -2.3952262
  7.930117    0.62408555 -2.5754519   0.77347267]",9,,range,6,-2.4781248569488525,6.4831366539001465
223,5.315089987389843,12,2.049414072183536,452,modiã,3.8111805314548355,"[-4.9905095   9.295865   -3.4301736  -3.0705984   1.2781124  -1.0252788
  6.5272055   0.90508354 -2.2237089   1.0664364 ]",-1,,modiã,81,14.755916595458984,-4.346105575561523
224,8.598518353104133,12,2.7318334000654967,462,measure,3.8111805314548355,"[-3.4852362  10.246237   -1.604287   -1.0672973   1.4048378  -2.364891
  7.7194047   0.22485721 -2.6872957   0.4782008 ]",-1,,measure,82,-3.799513816833496,4.506795883178711
225,3.9590934428370916,12,1.7675872291780412,464,press,3.8111805314548355,"[-4.951355  11.14756   -1.9489229 -1.4836922  0.9515098 -1.6800771
  8.087883   1.463374  -2.6348937  1.3205651]",16,*,press*,10,-0.5107132792472839,7.244968891143799
226,5.121287823837757,12,2.009134727711066,465,1,3.8111805314548355,"[-3.3888144   8.94727    -2.6021104  -1.7169152   0.48406342 -1.7880954
  6.070922    0.4838054  -1.8540918   1.2109046 ]",0,,1,8,-13.332749366760254,-8.414704322814941
227,5.8128398670014185,12,2.152865130182776,467,subplots,3.8111805314548355,"[-4.912129   11.527835   -1.7436634  -0.8718822   0.94558114 -2.270771
  8.310426    1.2469444  -2.8715205   0.82588786]",-1,,subplots,83,-0.6297611594200134,8.673962593078613
228,4.043651318949828,11,1.7967855905649313,470,select,3.8111805314548355,"[-3.0678656   9.889815   -1.0026729  -1.08623     1.2080505  -2.3166668
  7.896343    0.16151688 -2.9680316   0.02861062]",11,*,select*,9,-6.34998893737793,0.27178236842155457
229,4.472713618615465,11,1.888168475789585,471,opportunities,3.8111805314548355,"[-4.5966125  11.754608   -1.8924637  -0.49248934  1.2173004  -2.2339811
  8.873812    1.2902049  -3.0251775   0.8384983 ]",15,,opportunities,15,-0.6796077489852905,10.062403678894043
230,8.582789371053906,11,2.7635438724217467,478,situation,3.8111805314548355,"[-4.1893573 11.088503  -1.7847348 -1.0704186  1.0624236 -2.0343795
  8.256677   1.1818804 -2.8248184  0.7023764]",-1,,situation,84,-1.9282797574996948,7.27682638168335
231,3.9599102996278237,11,1.778950194718543,486,unsupervised,3.8111805314548355,"[-4.530505   10.977444   -1.1262425  -0.97148895  1.694614   -1.5416023
  8.30701     0.8167953  -2.574394    1.7139236 ]",13,*,unsupervised*,4,1.5581501722335815,7.820775032043457
232,4.889646317216334,11,1.9769679647503713,502,turkay,3.8111805314548355,"[-4.988926   9.065139  -3.9379005 -3.2529874  1.2892625 -0.9839648
  6.2969174  0.9607503 -2.0986302  1.0627215]",2,,turkay,12,14.344588279724121,-3.9443113803863525
233,4.3562604450917,11,1.8633659541080902,503,represented,3.8111805314548355,"[-2.2888718   9.328015   -0.3974481  -1.0727453   1.2788268  -2.3153768
  7.660886   -0.1968935  -2.8349488  -0.27055407]",12,,represented,12,-6.942502021789551,-1.5616501569747925
234,6.989961957659852,11,2.4242990475692676,504,simulation,3.8111805314548355,"[-4.883988  11.30236   -1.6759489 -1.1134259  1.7864035 -2.0182633
  8.584651   0.7473888 -2.667845   1.6680067]",-1,,simulation,85,1.4772123098373413,8.72984504699707
235,4.126563261646218,11,1.8144444073593262,527,phrase,3.8111805314548355,"[-3.948009   11.098736   -1.655599   -1.2035991   1.0290151  -2.5819857
  8.267485    0.59875077 -2.8327563   0.92919415]",3,*,phrase*,4,-3.082318067550659,6.17555046081543
236,4.903924476237281,10,1.9961706571505968,541,foraged,3.8111805314548355,"[-2.3562558   9.3027525  -0.29191536 -1.0293937   1.364113   -2.2171254
  7.5719514  -0.08708928 -2.91902    -0.1680144 ]",12,,foraged,13,-6.787025451660156,-1.8754041194915771
237,7.0479133812739825,10,2.4646134768975285,561,cantly,3.8111805314548355,"[-4.870311    9.093261   -3.7006152  -3.163886    1.4644716  -0.9518958
  6.3699427   0.90687984 -2.1416733   1.3752711 ]",2,,cantly,13,14.741799354553223,-3.630218982696533
238,4.688248034372967,10,1.9490472413798539,583,mathematical,3.8111805314548355,"[-4.9408793 11.22595   -1.4330231 -0.8774816  1.8540584 -1.9759765
  8.003215   0.3333838 -2.4490347  2.0502853]",14,*,mathematical*,22,3.066939353942871,8.952226638793945
239,6.065692863220293,10,2.250006886345939,584,1145,3.8111805314548355,"[-3.4522178   8.960435   -2.6663144  -1.8385493   0.46641535 -1.8674455
  6.091912    0.534042   -1.8971144   1.127217  ]",0,,1145,9,-13.15090274810791,-8.232718467712402
240,6.731773831745924,10,2.3955397509717344,585,2013,3.8111805314548355,"[-3.35905    8.967806  -2.6111994 -1.7406535  0.4151336 -1.8689355
  6.0963264  0.5807414 -1.8599352  1.0822824]",0,,2013,10,-13.223261833190918,-8.30508804321289
241,4.1412654875971056,10,1.8295363400118003,587,j,3.8111805314548355,"[-4.7173433   9.53172    -3.7388475  -2.5806725   1.1858451  -1.3830758
  6.555542    1.0396827  -2.2410152   0.94353944]",-1,,j,86,15.722317695617676,-4.71264123916626
242,4.289480305653001,9,1.8742042943036816,613,central,3.8111805314548355,"[-3.7420397   9.592977   -1.9563359  -1.5876703   1.2450991  -1.8719743
  7.2878394   0.46394438 -2.4040308   1.0256703 ]",8,,central,14,-4.245296478271484,2.614563226699829
243,4.631363108340504,9,1.950919649270925,623,captured,3.8111805314548355,"[-2.3211966   9.164421   -0.18969539 -0.9387864   1.4791005  -2.2433069
  7.5181427  -0.06523775 -3.1175694  -0.3070335 ]",12,,captured,14,-6.859372138977051,-1.8889477252960205
244,3.8721879560861043,9,1.7805677309243864,627,preferences,3.8111805314548355,"[-4.547      11.582919   -2.201359   -0.41830364  1.525428   -2.2014422
  8.407033    1.1399603  -3.009897    0.4166365 ]",15,,preferences,16,-1.424842119216919,10.364607810974121
245,4.535167064325592,9,1.929334142175987,631,perspectives,3.8111805314548355,"[-4.5148025  11.582172   -2.0908294  -0.48422575  1.1953382  -2.2845037
  8.6496      1.2922335  -2.9865904   0.61465967]",15,,perspectives,17,-1.1137430667877197,10.213085174560547
246,4.346273605252861,9,1.8869481881302068,639,image,3.8111805314548355,"[-4.452435   11.060044   -2.214196   -1.3533841   1.4862156  -2.5541444
  8.363995    0.60221463 -2.6713634   1.1301061 ]",9,*,image*,7,-2.8853044509887695,6.9920125007629395
247,4.304255299727422,9,1.8775196670166352,656,novel,3.8111805314548355,"[-4.9255137 11.406473  -1.7325308 -1.0210123  0.8069442 -2.1517653
  8.115752   1.2938659 -2.7162004  1.1118861]",-1,,novel,87,-0.46903106570243835,8.044197082519531
248,5.11619437903236,9,2.059711325067331,657,docu,3.8111805314548355,"[-4.902138  10.953589  -2.1216803 -1.8142272  0.9268842 -1.7271274
  7.7784753  1.2266204 -2.895289   0.8343724]",-1,,docu,88,-0.8163315653800964,7.19445276260376
249,5.82634713083412,9,2.219063067849297,666,hauser,3.8111805314548355,"[-4.9244127  9.180698  -3.9569328 -3.0478032  1.3302063 -1.1067215
  6.345608   0.9413921 -2.1036723  1.1012778]",2,,hauser,14,14.241252899169922,-3.8067586421966553
250,4.222721298075449,8,1.8699584163209608,693,generally,3.8111805314548355,"[-2.7333956   9.804118   -1.092599   -1.00939     1.1605207  -2.5418184
  7.5270977   0.22104947 -2.9050336   0.01860709]",11,,generally,10,-6.667820930480957,-0.23698364198207855
251,4.1721350617786666,8,1.8582880804662543,721,meaning,3.8111805314548355,"[-3.7913878  10.983181   -1.5719513  -1.1920272   0.97637737 -2.6295428
  8.176988    0.517879   -2.759627    0.9686174 ]",3,*,meaning*,5,-3.156710386276245,6.123421669006348
252,5.656223750956992,8,2.200670014936919,744,began,3.8111805314548355,"[-2.5745003   9.517439   -0.86432636 -0.9762019   1.2723398  -2.4500103
  7.605034   -0.02712814 -2.9474895  -0.12316781]",12,,began,15,-6.7703118324279785,-0.7001273036003113
253,6.220306023462127,8,2.3308048115088447,748,recommendation,3.8111805314548355,"[-3.7652645  10.683931   -1.1330763  -0.98756105  0.8720824  -2.138598
  7.8280826   0.72081786 -2.8068519   0.77735484]",-1,,recommendation,89,-3.4692957401275635,5.1520795822143555
254,4.984917711980441,7,2.0594178865790025,751,synthesizing,3.8111805314548355,"[-3.9028563  10.301072   -0.86422396 -0.919211    1.443217   -1.8178823
  7.802818    0.3630607  -2.7615676   1.0235877 ]",-1,,synthesizing,90,-5.6485595703125,1.2978967428207397
255,4.083064505544473,7,1.8452955664948214,761,contrast,3.8111805314548355,"[-3.6163192  10.475155   -1.4872531  -1.1240098   0.93102807 -2.299944
  7.935676    0.6188933  -2.879251    0.4322123 ]",4,*,contrast*,6,-3.6114296913146973,4.99162483215332
256,3.884693700361559,7,1.7981974171068609,781,class,3.8111805314548355,"[-4.503487  10.953353  -2.2396255 -1.2166176  1.0826329 -2.0690882
  7.9584813  1.1735419 -2.5082338  1.085258 ]",-1,,class,91,-1.444849967956543,6.935042381286621
257,4.1437522178421675,7,1.8597043346458348,813,helps,3.8111805314548355,"[-2.697849    9.6009035  -1.2357957  -1.0942345   1.2897811  -2.513901
  7.4632382   0.0745391  -2.865343    0.12523362]",-1,,helps,92,-6.664628505706787,-0.23958691954612732
258,5.179471862657363,7,2.1056098675218653,817,market,3.8111805314548355,"[-4.7745066 11.611954  -1.9099891 -0.8673089  1.2667453 -1.9827256
  8.716659   1.369723  -2.7788901  1.3130319]",15,,market,18,0.05104883387684822,9.179759979248047
259,4.126934168409118,7,1.8557113125684102,820,vector,3.8111805314548355,"[-5.0198317  11.209212   -1.7451717  -1.1728649   2.056082   -2.0626392
  8.171113    0.29288456 -2.5914292   1.7485439 ]",14,,vector,23,2.824446678161621,8.506797790527344
260,4.20458147648339,7,1.8741467094096083,823,mean,3.8111805314548355,"[-3.1515386  10.2532     -1.3372209  -1.0554839   1.1864642  -2.5543835
  7.8082213   0.22374289 -2.8191457   0.3198081 ]",-1,,mean,93,-6.182903289794922,0.5595029592514038
261,4.543364896094609,7,1.9545822961498074,825,weighted,3.8111805314548355,"[-4.0690126  10.186868   -1.9215713  -1.1687306   1.6034017  -1.9844977
  7.415799    0.3984239  -2.5445983   0.85739654]",10,*,weighted*,5,-2.0600008964538574,5.929549694061279
262,4.972656483114833,7,2.0565067667281762,826,ort,3.8111805314548355,"[-4.634213   9.207447  -3.604711  -2.7950768  1.4009101 -1.2123466
  6.454116   0.935548  -2.2475858  1.2509658]",1,,ort,7,15.185026168823242,-3.9038774967193604
263,3.87058267487521,7,1.794847109657332,832,mcg,3.8111805314548355,"[-4.722108   9.794857  -3.3017793 -2.3385746  1.2116246 -1.4970689
  6.8078375  1.0254477 -2.3877063  0.8854565]",-1,,mcg,94,15.628072738647461,-5.037022590637207
264,5.668439686025368,7,2.221702956772863,840,mail,3.8111805314548355,"[-5.102364  11.126813  -2.1217988 -1.4753416  1.3370123 -1.6244937
  7.886588   1.1637244 -2.8369472  1.0989362]",-1,,mail,95,-0.7820075750350952,7.0969624519348145
265,4.721112953144883,7,1.9967840936202275,848,begin,3.8111805314548355,"[-2.8515527e+00  9.7895098e+00 -9.7266710e-01 -9.9945682e-01
  1.2534064e+00 -2.4221902e+00  7.7768488e+00  6.6875756e-02
 -2.9677625e+00 -8.6992802e-03]",11,,begin,11,-6.514194965362549,0.02077697589993477
266,5.0260366763201345,7,2.0691805485965475,852,animal,3.8111805314548355,"[-4.6816125 11.056717  -1.7983568 -1.1498533  1.1475776 -1.7837049
  8.179222   1.2340455 -2.3915184  1.8369068]",16,,animal,11,0.0490177758038044,7.595312595367432
267,4.301941191805212,6,1.9021805565653527,881,steps,3.8111805314548355,"[-4.6512194 11.884531  -1.7783701 -0.7672156  1.2845696 -2.1309948
  8.8690195  1.3200547 -3.2525117  0.6233832]",15,,steps,19,-0.6123982667922974,10.03364086151123
268,4.247000996991132,6,1.8887469197606064,884,controls,3.8111805314548355,"[-4.820555   11.766074   -2.239016   -0.79648834  1.5329795  -2.2805974
  8.742872    1.149422   -3.1701918   0.55006754]",15,,controls,20,-1.1923238039016724,10.22437572479248
269,4.5392232117297935,6,1.960199289239133,906,szsã,3.8111805314548355,"[-4.9962955   9.1408205  -3.6963022  -3.2617004   1.2750808  -0.9649047
  6.3662877   0.93753976 -2.146411    1.0444463 ]",2,,szsã,15,14.517472267150879,-4.028851509094238
270,4.019741125512222,6,1.8331787408694986,934,target,3.8111805314548355,"[-4.253082   10.768952   -2.3290405  -1.2011086   1.4923524  -2.4270983
  8.011661    0.6450019  -2.63068     0.74420184]",9,,target,8,-2.5544111728668213,6.633174896240234
271,4.2431798113975105,6,1.887812587081191,939,preferred,3.8111805314548355,"[-2.575881    9.648596   -0.8976499  -0.9752633   1.1369073  -2.4940646
  7.47304     0.17753035 -2.906764   -0.10281363]",-1,,preferred,96,-6.73116397857666,-0.4547310471534729
272,4.710708640472747,6,2.0021298461808192,944,unique,3.8111805314548355,"[-3.6114693   9.500408   -1.6862952  -1.5391139   1.2489731  -1.8407542
  7.2619166   0.36848456 -2.4326148   1.0481254 ]",8,*,unique*,15,-4.436850547790527,2.5699357986450195
273,4.072762093692554,6,1.8461431002421027,946,proved,3.8111805314548355,"[-2.2882297   9.283653   -0.6267478  -1.0102136   1.2652459  -2.5388007
  7.462554   -0.03242551 -2.9023604  -0.31520343]",12,,proved,16,-7.130256652832031,-1.3807182312011719
274,3.8176730364440346,6,1.783770300882031,949,combining,3.8111805314548355,"[-3.5666862   9.935616   -1.0365692  -1.097781    1.3394437  -1.8843848
  7.629111    0.3181023  -2.7518346   0.73694944]",8,,combining,16,-5.6356587409973145,1.3031808137893677
275,4.6818719760405,6,1.9950788832573338,957,articles,3.8111805314548355,"[-5.131206   11.529298   -2.4787912  -1.1367717   1.0559797  -2.013074
  7.98098     1.4632564  -3.0014217   0.49214044]",6,*,articles*,9,-2.5503647327423096,9.860176086425781
276,4.132270262174762,6,1.8606936697297227,972,seconds,3.8111805314548355,"[-4.8324485  11.585364   -2.403115   -0.94965637  1.3253717  -2.0901809
  8.19138     1.2678729  -3.1603181   0.2202183 ]",6,,seconds,10,-1.8878402709960938,10.019269943237305
277,4.036416022161353,6,1.8372559835166926,973,quantitative,3.8111805314548355,"[-4.888832   11.209119   -1.2635099  -0.7948085   1.7985733  -1.99206
  7.96955     0.28239736 -2.451397    2.0856073 ]",14,*,quantitative*,24,3.1741068363189697,9.13755989074707
278,4.240650365867892,6,1.8871941026969017,984,5,3.8111805314548355,"[-3.2663715   8.965258   -2.5079057  -1.5768023   0.4183234  -1.7746706
  6.097822    0.53472155 -1.7808518   1.174249  ]",0,,5,11,-13.324065208435059,-8.405893325805664
279,4.13081326453031,6,1.86033741367262,996,closed,3.8111805314548355,"[-2.5550804   9.300935   -0.5821631  -1.0682056   1.3203967  -2.280915
  7.6310062  -0.10055343 -2.9616234  -0.14616239]",12,,closed,17,-6.899779319763184,-1.3014882802963257
280,4.104202869633149,6,1.8538308044134233,1004,exotic,3.8111805314548355,"[-3.6268592   9.439432   -1.7162353  -1.6258197   1.2711143  -1.8166523
  7.257396    0.37701803 -2.3699822   1.1833395 ]",8,,exotic,17,-4.358531951904297,2.5078108310699463
281,4.495229364168318,6,1.9494421855960857,1009,sigir,3.8111805314548355,"[-5.3283424  9.584018  -3.5972707 -3.136619   1.3258064 -0.9629366
  6.6869216  1.0222389 -2.1215467  1.1267349]",-1,,sigir,97,14.454259872436523,-4.1222615242004395
282,4.263663314742578,6,1.892821086693499,1012,pinned,3.8111805314548355,"[-2.3432453   9.262549   -0.24062967 -0.9521987   1.431222   -2.2565205
  7.595135   -0.11091681 -3.050908   -0.26340216]",12,,pinned,18,-6.832627296447754,-1.886284589767456
